CID,Title,MolecularFormula,InChIKey,InChI,ExactMass,XLogP,TPSA,SMILES
97301495,"8-((2S,3R,4S,5S,6R)-4,5-Dihydroxy-6-(hydroxymethyl)-3-(((2R,3S,4R,5S,6S)-3,4,5-trihydroxy-6-(hydroxymethyl)tetrahydro-2H-pyran-2-yl)oxy)tetrahydro-2H-pyran-2-yl)-2-(3,4-dihydroxyphenyl)-5,7-dihydroxy-4H-chromen-4-one",C27H30O16,QQBFHNKJGBCSLG-KLYXJHKJSA-N,"InChI=1S/C27H30O16/c28-6-15-20(36)22(38)26(43-27-23(39)21(37)19(35)16(7-29)42-27)25(41-15)18-12(33)4-11(32)17-13(34)5-14(40-24(17)18)8-1-2-9(30)10(31)3-8/h1-5,15-16,19-23,25-33,35-39H,6-7H2/t15-,16+,19-,20-,21-,22+,23+,25+,26-,27-/m1/s1",610.15338487,-1.7,277,C1=CC(=C(C=C1C2=CC(=O)C3=C(O2)C(=C(C=C3O)O)[C@H]4[C@@H]([C@H]([C@@H]([C@H](O4)CO)O)O)O[C@@H]5[C@H]([C@@H]([C@@H]([C@@H](O5)CO)O)O)O)O)O
5316673,Afzelin,C21H20O10,SOSLMHZOJATCCP-AEIZVZFYSA-N,"InChI=1S/C21H20O10/c1-8-15(25)17(27)18(28)21(29-8)31-20-16(26)14-12(24)6-11(23)7-13(14)30-19(20)9-2-4-10(22)5-3-9/h2-8,15,17-18,21-25,27-28H,1H3/t8-,15-,17+,18+,21-/m0/s1",432.10564683,1.2,166,C[C@H]1[C@@H]([C@H]([C@H]([C@@H](O1)OC2=C(OC3=CC(=CC(=C3C2=O)O)O)C4=CC=C(C=C4)O)O)O)O
5280443,Apigenin,C15H10O5,KZNIFHPLKGYRTM-UHFFFAOYSA-N,"InChI=1S/C15H10O5/c16-9-3-1-8(2-4-9)13-7-12(19)15-11(18)5-10(17)6-14(15)20-13/h1-7,16-18H",270.05282342,1.7,87,C1=CC(=CC=C1C2=CC(=O)C3=C(C=C(C=C3O2)O)O)O
10795088,Apigenin 7-O-(2G-rhamnosyl)gentiobioside,C33H40O19,LXOPDILLGIDKLW-KDGNLIIISA-N,"InChI=1S/C33H40O19/c1-11-22(38)25(41)29(45)32(47-11)52-30-27(43)24(40)20(10-46-31-28(44)26(42)23(39)19(9-34)50-31)51-33(30)48-14-6-15(36)21-16(37)8-17(49-18(21)7-14)12-2-4-13(35)5-3-12/h2-8,11,19-20,22-36,38-45H,9-10H2,1H3/t11-,19+,20+,22-,23+,24+,25+,26-,27-,28+,29+,30+,31+,32-,33+/m0/s1",740.21637904,-2.4,304,C[C@H]1[C@@H]([C@H]([C@H]([C@@H](O1)O[C@@H]2[C@H]([C@@H]([C@H](O[C@H]2OC3=CC(=C4C(=C3)OC(=CC4=O)C5=CC=C(C=C5)O)O)CO[C@H]6[C@@H]([C@H]([C@@H]([C@H](O6)CO)O)O)O)O)O)O)O)O
5280746,Apiin,C26H28O14,NTDLXWMIWOECHG-YRCFQSNFSA-N,"InChI=1S/C26H28O14/c27-8-18-20(32)21(33)22(40-25-23(34)26(35,9-28)10-36-25)24(39-18)37-13-5-14(30)19-15(31)7-16(38-17(19)6-13)11-1-3-12(29)4-2-11/h1-7,18,20-25,27-30,32-35H,8-10H2/t18-,20-,21+,22-,23+,24-,25+,26-/m1/s1",564.14790556,-0.4,225,C1[C@@]([C@H]([C@@H](O1)O[C@@H]2[C@H]([C@@H]([C@H](O[C@H]2OC3=CC(=C4C(=C3)OC(=CC4=O)C5=CC=C(C=C5)O)O)CO)O)O)O)(CO)O
5490064,Avicularin,C20H18O11,BDCDNTVZSILEOY-UXYNSRGZSA-N,"InChI=1S/C20H18O11/c21-6-13-15(26)17(28)20(30-13)31-19-16(27)14-11(25)4-8(22)5-12(14)29-18(19)7-1-2-9(23)10(24)3-7/h1-5,13,15,17,20-26,28H,6H2/t13-,15-,17+,20-/m0/s1",434.08491139,1,186,C1=CC(=C(C=C1C2=C(C(=O)C3=C(C=C(C=C3O2)O)O)O[C@H]4[C@@H]([C@H]([C@@H](O4)CO)O)O)O)O
5280448,Calycosin,C16H12O5,ZZAJQOPSWWVMBI-UHFFFAOYSA-N,"InChI=1S/C16H12O5/c1-20-14-5-2-9(6-13(14)18)12-8-21-15-7-10(17)3-4-11(15)16(12)19/h2-8,17-18H,1H3",284.06847348,2.4,76,COC1=C(C=C(C=C1)C2=COC3=C(C2=O)C=CC(=C3)O)O
5318267,Calycosin 7-o-beta-D-glucoside,C22H22O10,WACBUPFEGWUGPB-MIUGBVLSSA-N,"InChI=1S/C22H22O10/c1-29-15-5-2-10(6-14(15)24)13-9-30-16-7-11(3-4-12(16)18(13)25)31-22-21(28)20(27)19(26)17(8-23)32-22/h2-7,9,17,19-24,26-28H,8H2,1H3/t17-,19-,20+,21-,22-/m1/s1",446.12129689,0.6,155,COC1=C(C=C(C=C1)C2=COC3=C(C2=O)C=CC(=C3)O[C@H]4[C@@H]([C@H]([C@@H]([C@H](O4)CO)O)O)O)O
11592917,Clitorin,C33H40O19,WRXVPTMENPZUIZ-QEZWUOJGSA-N,"InChI=1S/C33H40O19/c1-10-19(37)23(41)26(44)31(47-10)46-9-17-21(39)25(43)30(52-32-27(45)24(42)20(38)11(2)48-32)33(50-17)51-29-22(40)18-15(36)7-14(35)8-16(18)49-28(29)12-3-5-13(34)6-4-12/h3-8,10-11,17,19-21,23-27,30-39,41-45H,9H2,1-2H3/t10-,11-,17+,19-,20-,21+,23+,24+,25-,26+,27+,30+,31+,32-,33-/m0/s1",740.21637904,-2,304,C[C@H]1[C@@H]([C@H]([C@H]([C@@H](O1)OC[C@@H]2[C@H]([C@@H]([C@H]([C@@H](O2)OC3=C(OC4=CC(=CC(=C4C3=O)O)O)C5=CC=C(C=C5)O)O[C@H]6[C@@H]([C@@H]([C@H]([C@@H](O6)C)O)O)O)O)O)O)O)O
5280961,Genistein,C15H10O5,TZBJGXHYKVUXJN-UHFFFAOYSA-N,"InChI=1S/C15H10O5/c16-9-3-1-8(2-4-9)11-7-20-13-6-10(17)5-12(18)14(13)15(11)19/h1-7,16-18H",270.05282342,2.7,87,C1=CC(=CC=C1C2=COC3=CC(=CC(=C3C2=O)O)O)O
101568804,Grosvenorine,C33H40O19,FFGGWIVHOGEVSP-NWQOLJAQSA-N,"InChI=1S/C33H40O19/c1-10-19(37)23(41)26(44)31(46-10)51-29-22(40)18-15(36)7-14(8-16(18)49-28(29)12-3-5-13(35)6-4-12)48-33-30(25(43)20(38)11(2)47-33)52-32-27(45)24(42)21(39)17(9-34)50-32/h3-8,10-11,17,19-21,23-27,30-39,41-45H,9H2,1-2H3/t10-,11-,17+,19-,20-,21+,23+,24-,25+,26+,27+,30+,31-,32-,33-/m0/s1",740.21637904,-1.7,304,C[C@H]1[C@@H]([C@H]([C@H]([C@@H](O1)OC2=C(OC3=CC(=CC(=C3C2=O)O)O[C@H]4[C@@H]([C@@H]([C@H]([C@@H](O4)C)O)O)O[C@H]5[C@@H]([C@H]([C@@H]([C@H](O5)CO)O)O)O)C6=CC=C(C=C6)O)O)O)O
72281,Hesperetin,C16H14O6,AIONOLUJZLIMTK-AWEZNQCLSA-N,"InChI=1S/C16H14O6/c1-21-13-3-2-8(4-10(13)18)14-7-12(20)16-11(19)5-9(17)6-15(16)22-14/h2-6,14,17-19H,7H2,1H3/t14-/m0/s1",302.07903816,2.4,96.2,COC1=C(C=C(C=C1)[C@@H]2CC(=O)C3=C(C=C(C=C3O2)O)O)O
147394,Hesperetin 7-O-glucoside,C22H24O11,ADSYMQORONDIDD-ZJHVPRRPSA-N,"InChI=1S/C22H24O11/c1-30-14-3-2-9(4-11(14)24)15-7-13(26)18-12(25)5-10(6-16(18)32-15)31-22-21(29)20(28)19(27)17(8-23)33-22/h2-6,15,17,19-25,27-29H,7-8H2,1H3/t15-,17+,19+,20-,21+,22+/m0/s1",464.13186158,0.6,175,COC1=C(C=C(C=C1)[C@@H]2CC(=O)C3=C(C=C(C=C3O2)O[C@H]4[C@@H]([C@H]([C@@H]([C@H](O4)CO)O)O)O)O)O
5484006,Isoquercitrin,C21H20O12,OPJZLUXFQFQYAI-GNPVFZCLSA-N,"InChI=1S/C21H20O12/c22-6-12(27)19-16(29)17(30)21(32-19)33-20-15(28)14-11(26)4-8(23)5-13(14)31-18(20)7-1-2-9(24)10(25)3-7/h1-5,12,16-17,19,21-27,29-30H,6H2/t12-,16-,17-,19-,21+/m1/s1",464.09547607,0.4,207,C1=CC(=C(C=C1C2=C(C(=O)C3=C(C=C(C=C3O2)O)O)O[C@H]4[C@@H]([C@H]([C@H](O4)[C@@H](CO)O)O)O)O)O
5281654,Isorhamnetin,C16H12O7,IZQSVPBOUDKVDZ-UHFFFAOYSA-N,"InChI=1S/C16H12O7/c1-22-11-4-7(2-3-9(11)18)16-15(21)14(20)13-10(19)5-8(17)6-12(13)23-16/h2-6,17-19,21H,1H3",316.05830272,1.9,116,COC1=C(C=CC(=C1)C2=C(C(=O)C3=C(C=C(C=C3O2)O)O)O)O
11664505,Isorhamnetin 3-O-neohesperidoside,C28H32O16,QHLKSZBFIJJREC-SPSUIZEHSA-N,"InChI=1S/C28H32O16/c1-9-18(33)21(36)23(38)27(40-9)44-26-22(37)19(34)16(8-29)42-28(26)43-25-20(35)17-13(32)6-11(30)7-15(17)41-24(25)10-3-4-12(31)14(5-10)39-2/h3-7,9,16,18-19,21-23,26-34,36-38H,8H2,1-2H3/t9-,16+,18-,19+,21+,22-,23+,26+,27-,28-/m0/s1",624.16903493,-0.4,255,C[C@H]1[C@@H]([C@H]([C@H]([C@@H](O1)O[C@@H]2[C@H]([C@@H]([C@H](O[C@H]2OC3=C(OC4=CC(=CC(=C4C3=O)O)O)C5=CC(=C(C=C5)O)OC)CO)O)O)O)O)O
5318645,Isorhamnetin 3-O-glucoside,C22H22O12,CQLRUIIRRZYHHS-LFXZADKFSA-N,"InChI=1S/C22H22O12/c1-31-12-4-8(2-3-10(12)25)20-21(17(28)15-11(26)5-9(24)6-13(15)32-20)34-22-19(30)18(29)16(27)14(7-23)33-22/h2-6,14,16,18-19,22-27,29-30H,7H2,1H3/t14-,16-,18+,19-,22+/m1/s1",478.11112613,0.7,196,COC1=C(C=CC(=C1)C2=C(C(=O)C3=C(C=C(C=C3O2)O)O)O[C@H]4[C@@H]([C@H]([C@@H]([C@H](O4)CO)O)O)O)O
9851181,Isorhoifolin,C27H30O14,FKIYLTVJPDLUDL-SLNHTJRHSA-N,"InChI=1S/C27H30O14/c1-10-20(31)22(33)24(35)26(38-10)37-9-18-21(32)23(34)25(36)27(41-18)39-13-6-14(29)19-15(30)8-16(40-17(19)7-13)11-2-4-12(28)5-3-11/h2-8,10,18,20-29,31-36H,9H2,1H3/t10-,18+,20-,21+,22+,23-,24+,25+,26+,27+/m0/s1",578.16355563,-0.8,225,C[C@H]1[C@@H]([C@H]([C@H]([C@@H](O1)OC[C@@H]2[C@H]([C@@H]([C@H]([C@@H](O2)OC3=CC(=C4C(=C3)OC(=CC4=O)C5=CC=C(C=C5)O)O)O)O)O)O)O)O
162350,Isovitexin,C21H20O10,MYXNWGACZJSMBT-VJXVFPJBSA-N,"InChI=1S/C21H20O10/c22-7-14-17(26)19(28)20(29)21(31-14)16-11(25)6-13-15(18(16)27)10(24)5-12(30-13)8-1-3-9(23)4-2-8/h1-6,14,17,19-23,25-29H,7H2/t14-,17-,19+,20-,21+/m1/s1",432.10564683,0.2,177,C1=CC(=CC=C1C2=CC(=O)C3=C(O2)C=C(C(=C3O)[C@H]4[C@@H]([C@H]([C@@H]([C@H](O4)CO)O)O)O)O)O
5486199,Kaempferitrin,C27H30O14,PUPKKEQDLNREIM-QNSQPKOQSA-N,"InChI=1S/C27H30O14/c1-9-17(30)20(33)22(35)26(37-9)39-13-7-14(29)16-15(8-13)40-24(11-3-5-12(28)6-4-11)25(19(16)32)41-27-23(36)21(34)18(31)10(2)38-27/h3-10,17-18,20-23,26-31,33-36H,1-2H3/t9-,10-,17-,18-,20+,21+,22+,23+,26-,27-/m0/s1",578.16355563,-0.1,225,C[C@H]1[C@@H]([C@H]([C@H]([C@@H](O1)OC2=CC(=C3C(=C2)OC(=C(C3=O)O[C@H]4[C@@H]([C@@H]([C@H]([C@@H](O4)C)O)O)O)C5=CC=C(C=C5)O)O)O)O)O
5280863,Kaempferol,C15H10O6,IYRMWMYZSQPJKC-UHFFFAOYSA-N,"InChI=1S/C15H10O6/c16-8-3-1-7(2-4-8)15-14(20)13(19)12-10(18)5-9(17)6-11(12)21-15/h1-6,16-18,20H",286.04773803,1.9,107,C1=CC(=CC=C1C2=C(C(=O)C3=C(C=C(C=C3O2)O)O)O)O
5318759,Kaempferol 3-O-glucuronide,C21H18O12,FNTJVYCFNVUBOL-ZUGPOPFOSA-N,"InChI=1S/C21H18O12/c22-8-3-1-7(2-4-8)17-18(13(25)12-10(24)5-9(23)6-11(12)31-17)32-21-16(28)14(26)15(27)19(33-21)20(29)30/h1-6,14-16,19,21-24,26-28H,(H,29,30)/t14-,15-,16+,19-,21+/m0/s1",462.07982601,1,203,C1=CC(=CC=C1C2=C(C(=O)C3=C(C=C(C=C3O2)O)O)O[C@H]4[C@@H]([C@H]([C@@H]([C@H](O4)C(=O)O)O)O)O)O
5483905,Kaempferol 7-O-neohesperidoside,C27H30O15,ZEJXENDZTYVXDP-CSJHBIPPSA-N,"InChI=1S/C27H30O15/c1-9-17(31)20(34)23(37)26(38-9)42-25-21(35)18(32)15(8-28)41-27(25)39-12-6-13(30)16-14(7-12)40-24(22(36)19(16)33)10-2-4-11(29)5-3-10/h2-7,9,15,17-18,20-21,23,25-32,34-37H,8H2,1H3/t9-,15+,17-,18+,20+,21-,23+,25+,26-,27+/m0/s1",594.15847025,-0.4,245,C[C@H]1[C@@H]([C@H]([C@H]([C@@H](O1)O[C@@H]2[C@H]([C@@H]([C@H](O[C@H]2OC3=CC(=C4C(=C3)OC(=C(C4=O)O)C5=CC=C(C=C5)O)O)CO)O)O)O)O)O
10095180,kaempferol 7-O-glucoside,C21H20O11,YPWHZCPMOQGCDQ-HMGRVEAOSA-N,"InChI=1S/C21H20O11/c22-7-13-15(25)17(27)19(29)21(32-13)30-10-5-11(24)14-12(6-10)31-20(18(28)16(14)26)8-1-3-9(23)4-2-8/h1-6,13,15,17,19,21-25,27-29H,7H2/t13-,15-,17+,19-,21-/m1/s1",448.10056145,0.7,186,C1=CC(=CC=C1C2=C(C(=O)C3=C(C=C(C=C3O2)O[C@H]4[C@@H]([C@H]([C@@H]([C@H](O4)CO)O)O)O)O)O)O
10417462,Ligustroflavone,C33H40O18,NULBHTHMVOCGOE-ZBCCAYPVSA-N,"InChI=1S/C33H40O18/c1-11-22(37)25(40)28(43)31(46-11)45-10-20-24(39)27(42)30(51-32-29(44)26(41)23(38)12(2)47-32)33(50-20)48-15-7-16(35)21-17(36)9-18(49-19(21)8-15)13-3-5-14(34)6-4-13/h3-9,11-12,20,22-35,37-44H,10H2,1-2H3/t11-,12-,20+,22-,23-,24+,25+,26+,27-,28+,29+,30+,31+,32-,33+/m0/s1",724.22146442,-1.9,284,C[C@H]1[C@@H]([C@H]([C@H]([C@@H](O1)OC[C@@H]2[C@H]([C@@H]([C@H]([C@@H](O2)OC3=CC(=C4C(=C3)OC(=CC4=O)C5=CC=C(C=C5)O)O)O[C@H]6[C@@H]([C@@H]([C@H]([C@@H](O6)C)O)O)O)O)O)O)O)O
5280445,Luteolin,C15H10O6,IQPNAANSBPBGFQ-UHFFFAOYSA-N,"InChI=1S/C15H10O6/c16-8-4-11(19)15-12(20)6-13(21-14(15)5-8)7-1-2-9(17)10(18)3-7/h1-6,16-19H",286.04773803,1.4,107,C1=CC(=C(C=C1C2=CC(=O)C3=C(C=C(C=C3O2)O)O)O)O
5280601,Luteolin 7-glucuronide,C21H18O12,VSUOKLTVXQRUSG-ZFORQUDYSA-N,"InChI=1S/C21H18O12/c22-9-2-1-7(3-10(9)23)13-6-12(25)15-11(24)4-8(5-14(15)32-13)31-21-18(28)16(26)17(27)19(33-21)20(29)30/h1-6,16-19,21-24,26-28H,(H,29,30)/t16-,17-,18+,19-,21+/m0/s1",462.07982601,0.8,203,C1=CC(=C(C=C1C2=CC(=O)C3=C(C=C(C=C3O2)O[C@H]4[C@@H]([C@H]([C@@H]([C@H](O4)C(=O)O)O)O)O)O)O)O
10461109,Scolymoside,C27H30O15,MGYBYJXAXUBTQF-FOBVWLSUSA-N,"InChI=1S/C27H30O15/c1-9-20(32)22(34)24(36)26(39-9)38-8-18-21(33)23(35)25(37)27(42-18)40-11-5-14(30)19-15(31)7-16(41-17(19)6-11)10-2-3-12(28)13(29)4-10/h2-7,9,18,20-30,32-37H,8H2,1H3/t9-,18+,20-,21+,22+,23-,24+,25+,26+,27+/m0/s1",594.15847025,-1.1,245,C[C@H]1[C@@H]([C@H]([C@H]([C@@H](O1)OC[C@@H]2[C@H]([C@@H]([C@H]([C@@H](O2)OC3=CC(=C4C(=C3)OC(=CC4=O)C5=CC(=C(C=C5)O)O)O)O)O)O)O)O)O
5481663,Narcissin,C28H32O16,UIDGLYUNOUKLBM-GEBJFKNCSA-N,"InChI=1S/C28H32O16/c1-9-18(32)21(35)23(37)27(41-9)40-8-16-19(33)22(36)24(38)28(43-16)44-26-20(34)17-13(31)6-11(29)7-15(17)42-25(26)10-3-4-12(30)14(5-10)39-2/h3-7,9,16,18-19,21-24,27-33,35-38H,8H2,1-2H3/t9-,16+,18-,19+,21+,22-,23+,24+,27+,28-/m0/s1",624.16903493,-1,255,C[C@H]1[C@@H]([C@H]([C@H]([C@@H](O1)OC[C@@H]2[C@H]([C@@H]([C@H]([C@@H](O2)OC3=C(OC4=CC(=CC(=C4C3=O)O)O)C5=CC(=C(C=C5)O)OC)O)O)O)O)O)O
932,(+-)-Naringenin,C15H12O5,FTVWIRXFELQLPI-UHFFFAOYSA-N,"InChI=1S/C15H12O5/c16-9-3-1-8(2-4-9)13-7-12(19)15-11(18)5-10(17)6-14(15)20-13/h1-6,13,16-18H,7H2",272.06847348,2.4,87,C1C(OC2=CC(=CC(=C2C1=O)O)O)C3=CC=C(C=C3)O
15540754,Naringenin-7-O-glucuronide,C21H20O11,BDCRTIDKZGEVEN-CGXGPNJMSA-N,"InChI=1S/C21H20O11/c22-9-3-1-8(2-4-9)13-7-12(24)15-11(23)5-10(6-14(15)31-13)30-21-18(27)16(25)17(26)19(32-21)20(28)29/h1-6,13,16-19,21-23,25-27H,7H2,(H,28,29)/t13-,16-,17-,18+,19-,21+/m0/s1",448.10056145,0.8,183,C1[C@H](OC2=CC(=CC(=C2C1=O)O)O[C@H]3[C@@H]([C@H]([C@@H]([C@H](O3)C(=O)O)O)O)O)C4=CC=C(C=C4)O
92794,Prunin,C21H22O10,DLIKSSGEMUFQOK-SFTVRKLSSA-N,"InChI=1S/C21H22O10/c22-8-16-18(26)19(27)20(28)21(31-16)29-11-5-12(24)17-13(25)7-14(30-15(17)6-11)9-1-3-10(23)4-2-9/h1-6,14,16,18-24,26-28H,7-8H2/t14-,16+,18+,19-,20+,21+/m0/s1",434.12129689,0.6,166,C1[C@H](OC2=CC(=CC(=C2C1=O)O)O[C@H]3[C@@H]([C@H]([C@@H]([C@H](O3)CO)O)O)O)C4=CC=C(C=C4)O
5280343,Quercetin,C15H10O7,REFJWTPEDVJJIY-UHFFFAOYSA-N,"InChI=1S/C15H10O7/c16-7-4-10(19)12-11(5-7)22-15(14(21)13(12)20)6-1-2-8(17)9(18)3-6/h1-5,16-19,21H",302.04265265,1.5,127,C1=CC(=C(C=C1C2=C(C(=O)C3=C(C=C(C=C3O2)O)O)O)O)O
5281643,Hyperoside,C21H20O12,OVSQVDMCBVZWGM-DTGCRPNFSA-N,"InChI=1S/C21H20O12/c22-6-13-15(27)17(29)18(30)21(32-13)33-20-16(28)14-11(26)4-8(23)5-12(14)31-19(20)7-1-2-9(24)10(25)3-7/h1-5,13,15,17-18,21-27,29-30H,6H2/t13-,15+,17+,18-,21+/m1/s1",464.09547607,0.4,207,C1=CC(=C(C=C1C2=C(C(=O)C3=C(C=C(C=C3O2)O)O)O[C@H]4[C@@H]([C@H]([C@H]([C@H](O4)CO)O)O)O)O)O
5274585,Querciturone,C21H18O13,DUBCCGAQYVUYEU-ZUGPOPFOSA-N,"InChI=1S/C21H18O13/c22-7-4-10(25)12-11(5-7)32-17(6-1-2-8(23)9(24)3-6)18(13(12)26)33-21-16(29)14(27)15(28)19(34-21)20(30)31/h1-5,14-16,19,21-25,27-29H,(H,30,31)/t14-,15-,16+,19-,21+/m0/s1",478.07474062,0.6,224,C1=CC(=C(C=C1C2=C(C(=O)C3=C(C=C(C=C3O2)O)O)O[C@H]4[C@@H]([C@H]([C@@H]([C@H](O4)C(=O)O)O)O)O)O)O
5282166,quercetin 3-O-sophoroside,C27H30O17,RDUAJIJVNHKTQC-UJECXLDQSA-N,"InChI=1S/C27H30O17/c28-6-14-17(34)20(37)22(39)26(41-14)44-25-21(38)18(35)15(7-29)42-27(25)43-24-19(36)16-12(33)4-9(30)5-13(16)40-23(24)8-1-2-10(31)11(32)3-8/h1-5,14-15,17-18,20-22,25-35,37-39H,6-7H2/t14-,15-,17-,18-,20+,21+,22-,25-,26+,27+/m1/s1",626.14829948,-1.2,286,C1=CC(=C(C=C1C2=C(C(=O)C3=C(C=C(C=C3O2)O)O)O[C@H]4[C@@H]([C@H]([C@@H]([C@H](O4)CO)O)O)O[C@H]5[C@@H]([C@H]([C@@H]([C@H](O5)CO)O)O)O)O)O
131637041,Quercetin 3-O-beta-D-glucose-7-O-beta-D-gentiobioside,C33H40O22,VUTMUSRYWYUQIK-GZIDCZEMSA-N,"InChI=1S/C33H40O22/c34-6-15-19(39)23(43)26(46)31(52-15)49-8-17-21(41)25(45)27(47)32(54-17)50-10-4-13(38)18-14(5-10)51-29(9-1-2-11(36)12(37)3-9)30(22(18)42)55-33-28(48)24(44)20(40)16(7-35)53-33/h1-5,15-17,19-21,23-28,31-41,43-48H,6-8H2/t15-,16-,17-,19-,20-,21-,23+,24+,25+,26-,27-,28-,31-,32-,33+/m1/s1",788.2011229,-3.6,365,C1=CC(=C(C=C1C2=C(C(=O)C3=C(C=C(C=C3O2)O[C@H]4[C@@H]([C@H]([C@@H]([C@H](O4)CO[C@H]5[C@@H]([C@H]([C@@H]([C@H](O5)CO)O)O)O)O)O)O)O)O[C@H]6[C@@H]([C@H]([C@@H]([C@H](O6)CO)O)O)O)O)O
5320861,Reynoutrin,C20H18O11,PZZRDJXEMZMZFD-BWYUNELBSA-N,"InChI=1S/C20H18O11/c21-8-4-11(24)14-13(5-8)30-18(7-1-2-9(22)10(23)3-7)19(16(14)27)31-20-17(28)15(26)12(25)6-29-20/h1-5,12,15,17,20-26,28H,6H2/t12-,15+,17-,20+/m1/s1",434.08491139,0.4,186,C1[C@H]([C@@H]([C@H]([C@@H](O1)OC2=C(OC3=CC(=CC(=C3C2=O)O)O)C4=CC(=C(C=C4)O)O)O)O)O
5282160,Quercimeritrin,C21H20O12,BBFYUPYFXSSMNV-HMGRVEAOSA-N,"InChI=1S/C21H20O12/c22-6-13-15(26)17(28)19(30)21(33-13)31-8-4-11(25)14-12(5-8)32-20(18(29)16(14)27)7-1-2-9(23)10(24)3-7/h1-5,13,15,17,19,21-26,28-30H,6H2/t13-,15-,17+,19-,21-/m1/s1",464.09547607,0.4,207,C1=CC(=C(C=C1C2=C(C(=O)C3=C(C=C(C=C3O2)O[C@H]4[C@@H]([C@H]([C@@H]([C@H](O4)CO)O)O)O)O)O)O)O
5280459,Quercitrin,C21H20O11,OXGUCUVFOIWWQJ-HQBVPOQASA-N,"InChI=1S/C21H20O11/c1-7-15(26)17(28)18(29)21(30-7)32-20-16(27)14-12(25)5-9(22)6-13(14)31-19(20)8-2-3-10(23)11(24)4-8/h2-7,15,17-18,21-26,28-29H,1H3/t7-,15-,17+,18+,21-/m0/s1",448.10056145,0.9,186,C[C@H]1[C@@H]([C@H]([C@H]([C@@H](O1)OC2=C(OC3=CC(=CC(=C3C2=O)O)O)C4=CC(=C(C=C4)O)O)O)O)O
5280805,Rutin,C27H30O16,IKGXIBQEEMLURG-NVPNHPEKSA-N,"InChI=1S/C27H30O16/c1-8-17(32)20(35)22(37)26(40-8)39-7-15-18(33)21(36)23(38)27(42-15)43-25-19(34)16-13(31)5-10(28)6-14(16)41-24(25)9-2-3-11(29)12(30)4-9/h2-6,8,15,17-18,20-23,26-33,35-38H,7H2,1H3/t8-,15+,17-,18+,20+,21-,22+,23+,26+,27-/m0/s1",610.15338487,-1.3,266,C[C@H]1[C@@H]([C@H]([C@H]([C@@H](O1)OC[C@@H]2[C@H]([C@@H]([C@H]([C@@H](O2)OC3=C(OC4=CC(=CC(=C4C3=O)O)O)C5=CC(=C(C=C5)O)O)O)O)O)O)O)O
441381,Saponarin,C27H30O15,HGUVPEBGCAVWID-KETMJRJWSA-N,"InChI=1S/C27H30O15/c28-7-15-19(32)22(35)24(37)26(40-15)18-14(41-27-25(38)23(36)20(33)16(8-29)42-27)6-13-17(21(18)34)11(31)5-12(39-13)9-1-3-10(30)4-2-9/h1-6,15-16,19-20,22-30,32-38H,7-8H2/t15-,16-,19-,20-,22+,23+,24-,25-,26+,27-/m1/s1",594.15847025,-1.6,256,C1=CC(=CC=C1C2=CC(=O)C3=C(C(=C(C=C3O2)O[C@H]4[C@@H]([C@H]([C@@H]([C@H](O4)CO)O)O)O)[C@H]5[C@@H]([C@H]([C@@H]([C@H](O5)CO)O)O)O)O)O
442658,Schaftoside,C26H28O14,MMDUKUSNQNWVET-VYUBKLCTSA-N,"InChI=1S/C26H28O14/c27-6-13-18(32)21(35)23(37)26(40-13)15-19(33)14-10(29)5-12(8-1-3-9(28)4-2-8)39-24(14)16(20(15)34)25-22(36)17(31)11(30)7-38-25/h1-5,11,13,17-18,21-23,25-28,30-37H,6-7H2/t11-,13+,17-,18+,21-,22+,23+,25-,26-/m0/s1",564.14790556,-2.2,247,C1[C@@H]([C@@H]([C@H]([C@@H](O1)C2=C3C(=C(C(=C2O)[C@H]4[C@@H]([C@H]([C@@H]([C@H](O4)CO)O)O)O)O)C(=O)C=C(O3)C5=CC=C(C=C5)O)O)O)O
5321398,Sophoricoside,C21H20O10,ISQRJFLLIDGZEP-CMWLGVBASA-N,"InChI=1S/C21H20O10/c22-7-15-18(26)19(27)20(28)21(31-15)30-11-3-1-9(2-4-11)12-8-29-14-6-10(23)5-13(24)16(14)17(12)25/h1-6,8,15,18-24,26-28H,7H2/t15-,18-,19+,20-,21-/m1/s1",432.10564683,0.9,166,C1=CC(=CC=C1C2=COC3=CC(=CC(=C3C2=O)O)O)O[C@H]4[C@@H]([C@H]([C@@H]([C@H](O4)CO)O)O)O
44566503,Typhaneoside,C34H42O20,POMAQDQEVHXLGT-QDYYQVSOSA-N,"InChI=1S/C34H42O20/c1-10-20(38)24(42)27(45)32(49-10)48-9-18-22(40)26(44)31(54-33-28(46)25(43)21(39)11(2)50-33)34(52-18)53-30-23(41)19-15(37)7-13(35)8-17(19)51-29(30)12-4-5-14(36)16(6-12)47-3/h4-8,10-11,18,20-22,24-28,31-40,42-46H,9H2,1-3H3/t10-,11-,18+,20-,21-,22+,24+,25+,26-,27+,28+,31+,32+,33-,34-/m0/s1",770.22694372,-2.1,313,C[C@H]1[C@@H]([C@H]([C@H]([C@@H](O1)OC[C@@H]2[C@H]([C@@H]([C@H]([C@@H](O2)OC3=C(OC4=CC(=CC(=C4C3=O)O)O)C5=CC(=C(C=C5)O)OC)O[C@H]6[C@@H]([C@@H]([C@H]([C@@H](O6)C)O)O)O)O)O)O)O)O
5282151,Vitexin 2''-O-rhamnoside,C27H30O14,LYGPBZVKGHHTIE-HUBYJIGHSA-N,"InChI=1S/C27H30O14/c1-9-19(33)21(35)23(37)27(38-9)41-26-22(36)20(34)16(8-28)40-25(26)18-13(31)6-12(30)17-14(32)7-15(39-24(17)18)10-2-4-11(29)5-3-10/h2-7,9,16,19-23,25-31,33-37H,8H2,1H3/t9-,16+,19-,20+,21+,22-,23+,25-,26+,27-/m0/s1",578.16355563,-0.9,236,C[C@H]1[C@@H]([C@H]([C@H]([C@@H](O1)O[C@@H]2[C@H]([C@@H]([C@H](O[C@H]2C3=C(C=C(C4=C3OC(=CC4=O)C5=CC=C(C=C5)O)O)O)CO)O)O)O)O)O
56776173,"(1S)-1,5-Anhydro-1-(5,7-dihydroxy-2-(4-hydroxyphenyl)-4-oxo-4H-1-benzopyran-8-yl)-4-O-beta-D-glucopyranosyl-D-glucitol",C27H30O15,NDSUKTASTPEKBX-LXXMDOISSA-N,"InChI=1S/C27H30O15/c28-7-15-19(34)20(35)23(38)27(41-15)42-24-16(8-29)40-26(22(37)21(24)36)18-12(32)5-11(31)17-13(33)6-14(39-25(17)18)9-1-3-10(30)4-2-9/h1-6,15-16,19-24,26-32,34-38H,7-8H2/t15-,16-,19-,20+,21-,22-,23-,24-,26+,27+/m1/s1",594.15847025,-1.9,256,C1=CC(=CC=C1C2=CC(=O)C3=C(O2)C(=C(C=C3O)O)[C@H]4[C@@H]([C@H]([C@@H]([C@H](O4)CO)O[C@H]5[C@@H]([C@H]([C@@H]([C@H](O5)CO)O)O)O)O)O)O
